{"X_max":0.13127270340919495,"X_min":0.054105643182992935,"max_":1,"min_":0}